threads,time
1 Time: 0.098160
2 Time: 0.054206
4 Time: 0.036053
8 Time: 0.043165